filename,width,height,class,xmin,ymin,xmax,ymax
1f85cefab92dbf7f4f471c49078a3d17.jpg,550,440,not_bc,39,4,143,193
sideaway10.jpeg,199,253,can,110,184,191,245
aff6c34c5d7a8f60bbde570beef115da.jpg,550,440,not_bc,41,3,149,208
not_bc3.jpg,300,300,not_bc,184,61,267,256
398bd92c03948500b0280944514039ab.jpg,438,550,not_bc,138,7,304,545
sideway17.jpeg,384,131,bottle,31,15,356,119
0438b71ab68e4e343c7158493812b351.jpg,550,440,not_bc,86,34,487,415
ac6f080f3093f0ba3aad858b9e3251e7.jpg,550,440,not_bc,68,101,532,385
SGN3812.jpg,512,512,bottle,160,6,347,505
10d16ab30d5d46bb1d746afc0028470f.jpg,550,440,not_bc,3,1,92,298
638d15529df0b4c43a4b0e350e34a6bc.jpg,550,440,not_bc,75,13,503,390
433af1779a8bca0eff29421b30cdbfd5.jpg,550,440,not_bc,154,51,398,419
bottle99.jpeg,300,300,bottle,169,1,215,141
can124.jpeg,300,300,can,217,49,300,254
bottle72.jpeg,300,300,bottle,36,36,84,130
bottle72.jpeg,300,300,can,70,122,100,236
bottle72.jpeg,300,300,can,210,123,254,255
57b465e2c514e39c293daa5d4ce9cd40.jpg,550,440,not_bc,73,19,174,162
can130.jpeg,300,300,can,1,64,64,190
can130.jpeg,300,300,can,244,50,300,147
bottle66.jpeg,300,300,bottle,188,58,236,208
bottle66.jpeg,300,300,bottle,229,76,278,225
bottle66.jpeg,300,300,not_bc,115,125,194,264
can118.jpeg,300,300,can,44,209,86,299
slideway80.jpeg,265,190,bottle,129,2,246,177
not_bc75.jpeg,300,300,not_bc,58,36,132,156
not_bc61.jpeg,300,300,not_bc,141,178,171,262
slideway94.jpeg,216,233,bottle,76,36,141,189
bottle113.jpeg,300,300,bottle,81,34,127,276
not_bc49.jpeg,300,300,not_bc,105,13,235,286
1be562714d9ba615761ad31d847bdedd.jpg,550,440,bottle,427,4,535,113
can28.jpg,300,300,can,82,1,155,61
1addcba3a835047d828630f5413fa907.jpg,550,440,not_bc,30,41,129,201
1f1c45c882c90d29898e71d2285b1f6e.jpg,550,440,bottle,441,4,548,238
4facef1a14d58232cfc3f938a7e7aff4.jpg,550,440,not_bc,362,26,456,166
not_bc48.jpeg,300,300,not_bc,79,41,132,280
not_bc60.jpeg,300,300,not_bc,70,38,288,263
bottle112.jpeg,300,300,bottle,123,68,147,147
slideway95.jpeg,259,194,bottle,103,7,143,139
bottle106.jpeg,300,300,bottle,22,8,131,289
slideway81.jpeg,252,200,bottle,80,4,151,193
3a55fd79b42b82b8ebd4696ae2142a79.jpg,550,440,bottle,430,1,534,84
not_bc74.jpeg,300,300,not_bc,74,134,131,223
can119.jpeg,300,300,can,42,23,107,135
bottle67.jpeg,300,300,bottle,23,6,73,254
can131.jpeg,300,300,can,200,2,277,146
bottle73.jpeg,300,300,bottle,110,161,148,224
bottle73.jpeg,300,300,can,181,76,202,99
can125.jpeg,300,300,can,45,183,114,300
bottle98.jpeg,300,300,bottle,31,14,280,300
86c1e082030471190627a4edee0b5fbc.jpg,550,440,not_bc,41,100,526,358
9b94c82bfcf0b3607406a41dcf791aeb.jpg,550,440,not_bc,21,107,530,353
4d135553d46fbb0fe5675fd33c2b15fb.jpg,550,440,not_bc,129,3,225,185
4b87920c2e2a2fba5aa2295193707a67.jpg,550,440,not_bc,13,36,131,133
4b87920c2e2a2fba5aa2295193707a67.jpg,550,440,not_bc,421,113,507,424
sideway16.jpeg,275,183,bottle,35,49,232,121
1ac7eb062cc3490f0a8f5cf8df80cf23.jpg,550,440,bottle,396,3,517,72
not_bc2.jpg,300,300,not_bc,188,161,259,254
can_val1.jpeg,190,266,can,125,53,168,159
4c9b18cf15c3eae1fe2cd9ed03242cb9.jpg,550,440,not_bc,89,128,445,365
1fc02583222b7145271e01b076481a33.jpg,550,440,not_bc,359,3,520,188
4f40c2209370fcb5fbcda70ff6cc05c5.jpg,550,440,not_bc,10,1,122,218
2a545c12ce85d6f98e07eb5a876c77ae.jpg,550,440,not_bc,456,4,550,185
can_val3.jpeg,225,225,can,108,109,161,186
sideway28.jpeg,265,190,bottle,1,2,205,133
03b727e15704049940a55cf49399c7eb.jpg,550,440,bottle,279,1,389,124
35bcccba3e2497a964541569b68b73f7.jpg,550,440,not_bc,54,86,508,404
10ff1bdc32f0a8e8ca72569e71280fad.jpg,550,440,not_bc,187,123,545,400
can133.jpeg,300,300,can,98,90,136,199
bottle65.jpeg,300,300,bottle,112,1,226,272
can127.jpeg,300,300,can,240,104,297,227
bottle71.jpeg,300,300,bottle,110,15,206,297
bottle59.jpeg,300,300,bottle,64,29,164,172
0d7a75d8565e41b4e3cf4a3b21edb284.jpg,550,440,bottle,472,1,546,163
bottle110.jpeg,300,300,bottle,68,11,224,284
slideway97.jpeg,206,245,bottle,78,48,132,192
not_bc62.jpeg,300,300,not_bc,77,19,235,138
5e834a3303cb9ae4992e1c1e0947e560.jpg,550,440,not_bc,15,1,134,127
not_bc76.jpeg,300,300,not_bc,72,3,172,132
bottle104.jpeg,300,300,bottle,190,67,276,276
slideway83.jpeg,183,275,bottle,62,13,128,251
bottle138.jpeg,300,300,bottle,64,13,141,287
slideway68.jpeg,194,259,bottle,51,11,155,248
not_bc89.jpeg,300,300,not_bc,15,23,258,294
not_bc88.jpeg,300,300,not_bc,88,32,206,261
slideway69.jpeg,194,259,bottle,51,57,184,189
bottle139.jpeg,300,300,bottle,170,111,212,242
bottle139.jpeg,300,300,can,145,170,186,243
bottle139.jpeg,300,300,bottle,248,112,290,245
not_bc77.jpeg,300,300,not_bc,88,18,246,221
slideway82.jpeg,225,225,not_bc,73,49,171,225
bottle105.jpeg,300,300,bottle,173,5,232,294
slideway96.jpeg,225,225,bottle,119,85,195,210
bottle111.jpeg,300,300,bottle,116,56,201,298
not_bc63.jpeg,300,300,not_bc,78,120,132,188
5bdf75bc883ac99b5345398616aaa674.jpg,550,440,not_bc,59,3,130,183
bottle58.jpeg,300,300,bottle,100,46,198,263
bottle70.jpeg,300,300,bottle,107,12,201,278
can126.jpeg,300,300,can,1,17,79,230
bottle64.jpeg,300,300,bottle,205,3,260,155
bottle64.jpeg,300,300,not_bc,80,156,278,276
can132.jpeg,300,300,can,145,68,300,269
1c24bf4cb2b160026c65e26b67aff2f2.jpg,550,440,bottle,426,4,550,121
4b3bb5a9e419ad0f3bd50c56b6fe3954.jpg,550,440,not_bc,20,62,159,246
3495e9cbe8ee326d6e9cfe036cdc5a98.jpg,550,440,not_bc,108,74,440,303
2e091b1167813ed69f7401463e081580.jpg,550,440,bottle,3,3,126,161
sideway29.jpeg,259,194,bottle,121,137,258,194
not_bc140.jpeg,300,300,not_bc,138,52,273,287
sideway15.jpeg,299,168,not_bc,118,1,299,88
can_val2.jpeg,271,186,can,105,1,162,84
2bae944d9f46725fab1ab2fbc7ef7e15.jpg,550,440,not_bc,334,1,443,147
91ac4e69b1bcb9bf45dd71532ee3ebea.jpg,550,440,not_bc,110,33,451,414
sideay30.jpeg,299,168,can,104,89,192,164
can_val6.jpeg,266,190,can,195,73,224,125
san_pellegrino_1l_glass_3.jpg,512,512,bottle,193,25,352,486
sideway39.jpeg,318,159,can,5,6,190,124
858d4a740ff8e1dd0024505c85ea8f8a.jpg,550,440,not_bc,67,90,473,327
sideway11.jpeg,259,194,not_bc,57,37,192,129
not_bc5.jpg,300,300,not_bc,186,74,261,266
afc59a99246f58b75b3209ee51d2012f.jpg,550,440,not_bc,41,61,505,367
0f66cdb72577bdc68580f3850a621a5b.jpg,550,440,not_bc,391,56,505,176
3c730f45a0bd67390faa87f7733c41a3.jpg,550,440,bottle,459,1,550,107
3a107fb2a6115745303e5fb728de85b2.jpg,550,440,bottle,1,3,107,199
57323eb63ec64eb838ce9ce9cc16a57e.jpg,550,440,not_bc,38,1,135,224
bottle48.jpeg,300,300,bottle,155,16,209,282
bottle48.jpeg,300,300,not_bc,200,92,271,276
0da610fef7839702ee25b519e0c4165a.jpg,550,600,bottle,181,33,373,557
can136.jpeg,300,300,can,134,7,242,152
can136.jpeg,300,300,not_bc,1,52,139,256
can136.jpeg,300,300,not_bc,154,160,277,294
bottle60.jpeg,300,300,bottle,74,65,131,227
bottle60.jpeg,300,300,bottle,10,49,60,195
bottle60.jpeg,300,300,not_bc,120,101,191,236
bottle74.jpeg,300,300,bottle,29,71,92,196
bottle129.jpeg,300,300,bottle,77,90,106,186
not_bc67.jpeg,300,300,not_bc,92,78,210,294
bottle115.jpeg,300,300,bottle,48,133,83,276
slideway92.jpeg,225,225,not_bc,32,54,205,195
bottle101.jpeg,300,300,bottle,77,15,130,292
slideway86.jpeg,225,225,bottle,80,2,144,211
not_bc73.jpeg,300,300,not_bc,103,54,186,234
not_bc98.jpeg,300,300,not_bc,126,12,227,289
slideway79.jpeg,194,259,bottle,49,2,155,258
0addae0543c0532a8353321167e82161.jpg,600,600,bottle,220,35,381,563
slideway78.jpeg,260,194,bottle,144,31,167,117
slideway78.jpeg,260,194,bottle,18,65,42,117
not_bc99.jpeg,300,300,not_bc,3,30,88,211
dca54b293bb1c44aaac3a3dbe46afdda.jpg,550,440,not_bc,12,9,124,243
slideway87.jpeg,225,225,bottle,81,2,156,225
bottle100.jpeg,300,300,bottle,108,112,144,290
not_bc72.jpeg,300,300,not_bc,229,62,300,265
not_bc66.jpeg,300,300,not_bc,66,196,104,269
slideway93.jpeg,259,195,bottle,90,1,163,190
bottle114.jpeg,300,300,bottle,50,101,256,231
19dca885b27befdc4f051b4983b075c3.jpg,550,734,not_bc,158,107,550,640
bottle128.jpeg,300,300,bottle,205,15,278,272
bottle75.jpeg,300,300,bottle,151,1,236,158
volvic-natural-mineral-water-plastic-bottle-500ml-.jpg,512,512,bottle,157,39,366,475
bottle61.jpeg,300,300,bottle,140,45,225,246
can137.jpeg,300,300,can,239,25,300,174
bottle49.jpeg,300,300,bottle,164,35,211,203
3bffbf68e4871b8b43b07639b364a2de.jpg,550,440,bottle,426,1,550,119
0d0fb7719e1a40aa477b6954e55a09b9.jpg,550,440,bottle,183,1,308,183
73943c30c9d9637a42e4fa5baf3199e2.jpg,550,440,not_bc,141,9,415,427
a66a688bc63c1c43385b26740b86d837.jpg,550,440,not_bc,25,12,462,317
not_bc4.jpg,300,300,not_bc,186,60,261,247
sideway10.jpeg,275,183,not_bc,33,27,232,146
sideway38.jpeg,250,202,can,80,8,208,123
4f30199e405e687b606a2b9fa00f40b5.jpg,550,367,not_bc,301,85,378,190
can_val7.jpeg,299,168,can,182,14,250,130
0b642b2e44ecfbbed216915d1c2ecaeb.jpg,550,440,bottle,379,1,503,151
c0c0e19845ca7ffd3390511dc8361647.jpg,550,440,not_bc,131,75,396,379
4262e61d86d704a40305e05aba93a4b9.jpg,550,440,not_bc,146,3,550,299
can_val5.jpeg,292,173,can,117,1,167,54
not_bc6.jpg,300,300,not_bc,189,70,258,244
sideway12.jpeg,259,194,bottle,7,52,251,136
461f31b107ce39a1a10859dfc940d74c.jpg,550,440,not_bc,41,52,503,343
d58326fbcac6f3506049c10a4fa00ce7.jpg,550,440,not_bc,379,22,449,158
bottle88.jpeg,300,300,bottle,59,157,88,243
bottle88.jpeg,300,300,bottle,18,150,61,286
can109.jpeg,300,300,can,41,61,114,298
0aef81303dce1cde0bede594586135af.jpg,550,440,bottle,360,1,521,299
1baeb71bb9d4dab56356757999cf20d1.jpg,550,440,not_bc,350,39,445,199
can121.jpeg,300,300,can,48,1,133,145
can121.jpeg,300,300,not_bc,137,189,198,236
bottle77.jpeg,300,300,bottle,1,95,71,245
can135.jpeg,300,300,can,210,1,300,186
bottle63.jpeg,300,300,bottle,164,150,195,241
9ea3cb8fdaebd0c915613d7849ac0657.jpg,550,440,not_bc,136,1,531,440
not_bc70.jpeg,300,300,not_bc,88,55,144,124
3a41b753ca81576a3d754833a8ffe90b.jpg,550,440,bottle,367,1,482,175
slideway85.jpeg,300,140,not_bc,159,3,276,140
bottle102.jpeg,300,300,bottle,39,194,101,273
slideway91.jpeg,259,194,can,150,29,216,166
bottle116.jpeg,300,300,bottle,27,12,109,217
not_bc64.jpeg,300,300,not_bc,112,31,186,254
can39.jpeg,300,300,can,146,226,190,300
can39.jpeg,300,300,bottle,137,21,223,74
can38.jpeg,300,300,can,95,32,162,165
can38.jpeg,300,300,not_bc,1,154,135,241
bottle117.jpeg,300,300,bottle,81,92,136,217
slideway90.jpeg,259,194,bottle,53,45,125,148
not_bc65.jpeg,300,300,not_bc,70,144,186,298
not_bc71.jpeg,300,300,not_bc,142,166,196,277
8fda65056968a9e005e4561b052ceec8.jpg,550,440,not_bc,365,5,455,195
bottle103.jpeg,300,300,bottle,41,207,66,298
slideway84.jpeg,252,200,bottle,112,40,149,153
not_bc59.jpeg,300,300,not_bc,115,16,185,147
3d59b1b24266dbbc04cad338fad33d81.jpg,550,440,can,429,150,531,250
3d59b1b24266dbbc04cad338fad33d81.jpg,550,440,can,32,42,131,147
bottle62.jpeg,300,300,bottle,77,3,120,187
can134.jpeg,300,300,can,210,97,286,224
cc6c00e7b69a724d172018deef29bfb4.jpg,550,440,not_bc,70,4,145,193
bottle76.jpeg,300,300,bottle,84,71,144,287
can120.jpeg,300,300,can,215,119,277,258
can120.jpeg,300,300,can,124,1,168,78
can120.jpeg,300,300,bottle,28,56,72,238
can108.jpeg,300,300,can,212,7,297,214
bottle89.jpeg,300,300,bottle,239,186,272,286
6a044fc1edb382be6143f8f18708e3fd.jpg,550,440,not_bc,475,1,550,139
4e08867eebf96bf0c2878291935f1ba8.jpg,550,440,not_bc,49,65,516,301
0f1936e2d98a502e7b5945197320786f.jpg,550,440,bottle,427,1,541,90
faaef1981d527d95bf71a9b80b0d1763.jpg,550,550,not_bc,36,197,435,410
can_val4.jpeg,318,159,can,117,80,159,153
20b3b9359caf9e76c1a723a02246ba9a.jpg,550,440,not_bc,70,22,494,414
sideway60.jpeg,194,260,bottle,53,1,126,220
not_bc135.jpeg,300,300,not_bc,98,56,204,208
3bbc9941c3794839d7152c6f62f7e17f.jpg,550,440,bottle,48,1,154,104
not_bc121.jpeg,300,300,not_bc,140,3,255,158
not_bc121.jpeg,300,300,not_bc,1,64,74,269
c92bbb7709337b344032219ab9ff8a4d.jpg,550,440,not_bc,92,62,451,367
1e840afc3a415c8cfa74578ea5885e7c.jpg,550,440,bottle,475,4,550,140
bottle206.jpeg,300,300,bottle,66,4,148,195
bottle1.jpeg,300,300,bottle,95,23,207,297
not_bc109.jpeg,300,300,not_bc,186,8,291,300
sideway48.jpeg,259,194,bottle,12,14,87,130
3adda6ff54667d0e30fa639f3103e33b.jpg,550,440,not_bc,40,7,529,432
1edfca5fc35ec99c89878f50fd61aa2d.jpg,550,440,not_bc,31,26,550,437
can184.jpeg,300,300,can,90,36,184,271
can190.jpeg,300,300,can,4,171,126,295
2fe83a5a4e2373643dd30df8ad61291a.jpg,550,440,bottle,182,1,264,85
slideway117.jpeg,275,183,not_bc,141,34,240,136
slideway103.jpeg,259,194,bottle,101,74,136,179
can147.jpeg,300,300,can,30,70,114,214
bottle11.jpeg,300,300,bottle,77,10,128,190
can153.jpeg,300,300,can,229,14,300,178
bottle39.jpeg,300,300,can,99,166,153,241
bottle39.jpeg,300,300,bottle,121,27,173,224
not_bc16.jpeg,300,300,not_bc,91,23,211,284
bottle164.jpeg,300,300,bottle,79,105,230,217
bottle170.jpeg,300,300,bottle,139,8,189,249
bottle158.jpeg,300,300,bottle,26,170,115,300
bottle158.jpeg,300,300,bottle,193,8,273,140
bottle158.jpeg,300,300,not_bc,8,1,132,140
can88.jpeg,300,300,can,119,3,197,121
can88.jpeg,300,300,not_bc,3,114,296,300
can63.jpeg,300,300,can,1,62,103,263
sideaway3.jpeg,309,163,bottle,3,24,305,136
can77.jpeg,300,300,can,79,27,240,287
can76.jpeg,300,300,can,70,18,224,283
sideaway2.jpeg,224,224,bottle,31,40,207,186
can62.jpeg,300,300,can,128,7,210,251
can89.jpeg,300,300,can,225,7,294,142
can89.jpeg,300,300,can,164,3,227,131
bottle159.jpeg,300,300,bottle,231,1,270,166
bottle171.jpeg,300,300,bottle,164,1,233,300
bottle171.jpeg,300,300,bottle,228,2,300,300
not_bc17.jpeg,300,300,not_bc,27,13,285,284
bottle38.jpeg,300,300,bottle,97,67,140,275
bottle38.jpeg,300,300,not_bc,135,100,177,272
can152.jpeg,300,300,can,132,12,185,103
can152.jpeg,300,300,can,79,165,115,242
can152.jpeg,300,300,bottle,43,78,78,232
bottle10.jpeg,300,300,bottle,84,1,145,263
bottle10.jpeg,300,300,can,124,5,179,176
bottle10.jpeg,300,300,can,172,119,300,294
can146.jpeg,300,300,can,156,143,255,300
slideway102.jpeg,259,194,can,113,105,135,143
slideway116.jpeg,275,183,not_bc,81,2,181,170
can191.jpeg,300,300,can,197,145,286,299
84cbc73e5eb4ff34908ff8eae513ad0c.jpg,550,440,not_bc,69,98,513,362
can185.jpeg,300,300,can,4,21,115,237
2f5ed1cc566c99f5875159529ad3151d.jpg,550,413,not_bc,138,36,336,401
sideway49.jpeg,259,194,bottle,39,5,215,182
not_bc108.jpeg,300,300,not_bc,189,10,290,175
01bc1232317c72e5b4e5db7e03b15d32.jpg,550,440,bottle,1,256,167,440
not_bc120.jpeg,300,300,not_bc,79,1,177,97
bottle207.jpeg,300,300,bottle,118,2,199,149
bottle207.jpeg,300,300,can,26,10,85,120
sideway61.jpeg,275,183,bottle,56,1,275,182
not_bc134.jpeg,300,300,not_bc,150,90,266,293
0687b37e7fdf0872f19b00c1cc4649ff.jpg,550,440,not_bc,146,158,287,290
6c70a0e1309bdee7cba54eac5e0cdfec.jpg,550,367,not_bc,94,32,486,356
0f900b9f0efae11e25f3897f1d1d8aa1.jpg,550,440,can,438,1,550,129
1c0e13ef508b96a35f91ca9b065f52ee.jpg,550,440,bottle,432,3,550,155
2e2a1f94dcdf9b6508cabdef7bd440c5.jpg,550,258,bottle,178,1,374,257
0e52d263bca45ea185232bcdf946850c.jpg,550,440,bottle,451,4,550,132
3b335258fb7114bfc2e26ba4fa66db98.jpg,550,440,bottle,187,33,364,440
bottle205.jpeg,300,300,bottle,225,1,286,243
bottle205.jpeg,300,300,not_bc,149,73,237,286
not_bc122.jpeg,300,300,not_bc,108,131,174,261
not_bc136.jpeg,300,300,not_bc,43,16,259,229
bottle2.jpeg,300,300,bottle,95,1,150,299
can193.jpeg,300,300,can,217,23,300,124
can187.jpeg,300,300,can,152,32,219,166
can187.jpeg,300,300,not_bc,54,29,150,243
4bcd45e13e5b17040b31a8d83fae1f9e.jpg,550,440,not_bc,391,144,500,253
4bcd45e13e5b17040b31a8d83fae1f9e.jpg,550,440,not_bc,9,220,130,341
slideway100.jpeg,259,194,bottle,82,52,128,180
76fb8958be38a19fb43d6b31c411f9ea.jpg,550,440,not_bc,119,46,427,440
slideway114.jpeg,275,183,bottle,49,13,229,79
03f6c9f28f9fa9ec8b94897db9e3a5ac.jpg,550,440,bottle,2,3,120,145
can150.jpeg,300,300,can,192,114,279,261
can144.jpeg,300,300,can,25,164,97,256
can144.jpeg,300,300,can,219,48,296,142
can144.jpeg,300,300,not_bc,170,68,236,170
bottle12.jpeg,300,300,bottle,130,2,263,269
can178.jpeg,300,300,can,114,7,192,138
bottle173.jpeg,300,300,bottle,21,80,61,292
not_bc15.jpeg,300,300,not_bc,1,130,80,288
deb4cabcc6e140b2b8b3aaaeca157411.jpg,550,440,not_bc,73,80,326,429
not_bc29.jpeg,300,300,not_bc,106,28,201,238
can74.jpeg,300,300,can,95,150,153,262
can60.jpeg,300,300,can,1,147,68,294
can60.jpeg,300,300,can,33,100,101,238
can48.jpeg,300,300,can,161,42,215,156
bottle198.jpeg,300,300,bottle,228,83,266,181
0a033612ba174272922a7eb25783021d.jpg,550,440,not_bc,30,1,174,132
02e050bbab51bc8a18db95a7b6b20c05.jpg,550,440,not_bc,5,79,532,385
bottle199.jpeg,300,300,bottle,215,61,284,294
can49.jpeg,300,300,can,199,103,255,214
can61.jpeg,300,300,can,56,1,119,87
3c9037d94a2e368391c6e2b37be34ece.jpg,550,550,bottle,408,1,550,141
can75.jpeg,300,300,can,180,86,266,213
sideaway1.jpeg,349,144,bottle,3,17,349,132
sideaway1.jpeg,349,144,bottle,9,8,347,133
sideaway1.jpeg,349,144,bottle,3,21,349,124
not_bc28.jpeg,300,300,not_bc,18,92,91,263
slieway70.jpeg,263,191,not_bc,2,5,254,187
bottle166.jpeg,300,300,bottle,112,12,179,293
bottle166.jpeg,300,300,not_bc,52,114,122,279
bottle166.jpeg,300,300,not_bc,168,147,292,267
0e5c02836c4cb0e46161c718338bad5b.jpg,550,440,bottle,427,1,531,123
not_bc14.jpeg,300,300,not_bc,21,62,281,252
bottle172.jpeg,300,300,bottle,169,57,217,230
bottle13.jpeg,300,300,bottle,139,30,249,247
can145.jpeg,300,300,can,100,23,177,114
can151.jpeg,300,300,can,198,109,272,252
slideway101.jpeg,300,168,bottle,10,10,246,84
can186.jpeg,300,300,can,95,8,190,288
can192.jpeg,300,300,can,99,72,206,231
1c2798b6b63029eb65e0c52af0a15ca7.jpg,550,440,bottle,2,3,78,112
bottle3.jpeg,300,300,bottle,6,14,244,298
not_bc137.jpeg,300,300,not_bc,52,24,117,161
sideway62.jpeg,194,259,bottle,62,4,135,223
bottle204.jpeg,300,300,bottle,218,86,297,285
not_bc123.jpeg,300,300,not_bc,40,37,148,289
0ac17130222f00ddd5e7ad22c7f53c5e.jpg,550,440,bottle,1,275,162,440
b1112d19393e0655a6f4d755a35e225c.jpg,550,440,not_bc,270,79,400,175
3edf5ac0d344915bb9bd385759aed184.jpg,550,440,bottle,464,5,550,161
bottle7.jpeg,300,300,bottle,161,18,248,275
not_bc127.jpeg,300,300,not_bc,90,52,236,273
2ae9b933e67ba20867426e4fa37a8731.jpg,550,440,bottle,182,1,277,171
bottle200.jpeg,300,300,bottle,9,50,77,300
2db9f7487e95070860bd24e13411da23.jpg,550,440,bottle,448,3,550,105
not_bc133.jpeg,300,300,not_bc,152,112,218,281
3e951d7fe1f7c0b73cde512fab47e03f.jpg,550,440,bottle,407,1,549,162
1a2c5a7fa1f263a38a405392f90fd511.jpg,550,440,bottle,507,3,550,219
3c936e48a9c32485d25e2aae1f43099c.jpg,550,440,not_bc,155,3,386,440
slideway105.jpeg,194,259,bottle,78,96,154,230
slideway111.jpeg,190,266,bottle,38,79,169,154
1ef775c61b2479e160778fb69f095b1d.jpg,440,551,not_bc,151,159,292,452
0274aa1f63e3d060e40470ad83360a7c.jpg,550,440,not_bc,43,53,498,404
can196.jpeg,300,300,can,184,17,255,103
6a75dd72b945a503d07aa1d5d77e45c6.jpg,550,440,not_bc,410,3,522,222
0049c9f8757448247f8907710846a2cf.jpg,550,440,not_bc,73,101,493,399
can169.jpeg,300,300,can,186,21,299,234
can155.jpeg,300,300,can,229,107,300,213
can141.jpeg,300,300,can,178,1,294,141
bottle17.jpg,300,300,bottle,99,5,207,294
0c6a3687ec89ae6ce22b2e85ebf553f2.jpg,550,440,bottle,396,1,515,117
not_bc38.jpeg,300,300,not_bc,96,16,207,287
bottle176.jpeg,300,300,bottle,148,62,230,286
not_bc10.jpg,300,300,not_bc,223,52,283,134
6f58917b109753d323cad5985c9c5373.jpg,550,440,not_bc,86,39,432,440
bottle162.jpeg,300,300,bottle,17,73,68,225
bottle189.jpeg,300,300,bottle,17,1,117,153
3c402757d6400a88b8e9c6c7d61a1ee5.jpg,550,440,bottle,77,3,186,91
can59.jpeg,300,300,can,37,149,88,254
sideaway5.jpeg,225,225,bottle,8,10,84,213
sideaway5.jpeg,225,225,bottle,77,90,223,180
can71.jpeg,300,300,can,68,10,230,288
can65.jpeg,300,300,bottle,32,1,97,167
can65.jpeg,300,300,can,1,138,72,216
can64.jpeg,300,300,can,2,54,85,200
can64.jpeg,300,300,bottle,164,1,227,163
can70.jpeg,300,300,can,225,6,300,188
can58.jpeg,300,300,can,209,111,292,263
bottle188.jpeg,300,300,bottle,132,1,235,300
not_bc11.jpeg,300,300,not_bc,57,10,243,285
bottle163.jpeg,300,300,bottle,177,20,223,148
bottle163.jpeg,300,300,not_bc,97,144,164,250
bottle_val12.jpeg,259,194,bottle,21,84,62,174
bottle177.jpeg,300,300,bottle,23,17,114,256
not_bc39.jpeg,300,300,not_bc,105,9,192,300
bottle16.jpg,300,300,bottle,96,16,198,290
can140.jpeg,300,300,can,228,64,288,172
can140.jpeg,300,300,can,210,173,261,282
can154.jpeg,300,300,can,274,166,300,210
can154.jpeg,300,300,can,84,247,142,300
can168.jpeg,300,300,can,26,38,147,206
e49c995916092ac61000ec8ad8c55cb4.jpg,550,440,not_bc,140,14,424,429
can197.jpeg,300,300,can,122,63,181,191
slideway110.jpeg,300,168,bottle,81,1,145,162
b4c862a1afaed46d8332e69f98d7dc33.jpg,550,440,not_bc,136,47,435,307
slideway104.jpeg,259,194,bottle,86,89,121,183
slideway104.jpeg,259,194,bottle,198,18,238,92
not_bc132.jpeg,300,300,not_bc,123,3,219,151
3c01f5f423f6246dfc9cfff774dc9fc0.jpg,550,440,bottle,1,1,79,95
bottle201.jpeg,300,300,bottle,25,49,97,280
bottle6.jpeg,300,300,bottle,84,10,160,263
f01faaf703f4f284e3ff09e9eae3a522.jpg,550,440,not_bc,97,1,500,277
1fe5923f91300d2811e229c556e4abe1.jpg,550,440,not_bc,154,10,412,429
2bb9701b96c66748daff678e3fc5dfdb.jpg,550,440,bottle,17,1,146,166
bottle4.jpeg,300,300,bottle,214,28,264,289
sideway59.jpeg,201,251,bottle,67,6,130,229
not_bc118.jpeg,300,300,not_bc,158,52,275,206
not_bc130.jpeg,300,300,not_bc,68,84,277,299
sideway65.jpeg,259,194,bottle,38,144,156,179
7bf4608af74992da961ea325a223bb3b.jpg,550,440,not_bc,139,95,453,333
bottle203.jpeg,300,300,bottle,7,12,92,154
d048aa5c68760d64d34938e90223c932.jpg,550,440,not_bc,50,62,211,345
not_bc124.jpeg,300,300,not_bc,152,33,279,278
not_bc.jpg,300,300,not_bc,197,145,257,236
2f47080b08d2a09cdee6194e5555c076.jpg,550,440,bottle,427,1,529,151
3a71f8946b9ddc3b0c12313b8e33fd85.jpg,550,440,bottle,1,3,77,272
0a56a0f0d09d7d20526d2d98eab27afc.jpg,550,440,not_bc,219,1,341,57
slideway112.jpeg,375,135,bottle,1,4,374,129
slideway106.jpeg,225,225,bottle,72,64,151,225
can181.jpeg,300,300,can,83,17,184,268
can195.jpeg,300,300,can,145,125,190,243
bottle28.jpg,300,300,bottle,62,21,128,239
can142.jpeg,300,300,can,10,101,101,273
ec13ab0a78a64851897260d8e9c5e95e.jpg,550,440,not_bc,46,41,365,393
bottle14.jpg,300,300,bottle,110,3,197,298
can156.jpeg,300,300,can,61,114,106,261
can156.jpeg,300,300,can,110,115,158,263
can99.jpeg,300,300,can,1,62,52,248
bottle149.jpeg,300,300,bottle,17,21,148,300
160c02232716771e874c21074129193e.jpg,550,550,not_bc,113,7,444,538
bottle161.jpeg,300,300,bottle,237,123,274,267
bottle161.jpeg,300,300,can,201,190,238,270
not_bc13.jpeg,300,300,not_bc,7,129,160,300
not_bc13.jpeg,300,300,not_bc,96,6,288,294
bottle175.jpeg,300,300,bottle,104,30,200,299
2fb0bce6a707aec82948397b10e1349d.jpg,550,440,can,86,3,245,134
2624e1342189daaf77a477a4900a99a0.jpg,550,440,not_bc,148,38,444,418
2aac19422efb4f1dd5f100e3192f5de4.jpg,550,440,bottle,138,72,277,399
can66.jpeg,300,300,can,11,3,88,156
sideaway6.jpeg,284,177,can,71,73,129,168
can72.jpeg,300,300,can,155,130,257,300
can72.jpeg,300,300,not_bc,139,3,267,150
can73.jpeg,300,300,can,45,33,113,152
can73.jpeg,300,300,can,106,21,158,136
can67.jpeg,300,300,can,225,103,281,218
can67.jpeg,300,300,can,128,94,163,157
can67.jpeg,300,300,not_bc,80,183,250,256
bottle174.jpeg,300,300,bottle,206,9,272,270
8efc0c9d0ee57e95d64b2525f537b7c8.jpg,550,440,not_bc,87,147,469,361
bottle160.jpeg,300,300,bottle,15,125,209,201
bottle_val11.jpeg,319,158,bottle,38,1,100,99
not_bc12.jpeg,300,300,not_bc,24,3,199,237
bottle148.jpeg,300,300,bottle,93,49,242,132
can98.jpeg,300,300,can,148,56,218,279
64403e125d66acf11f7925a27623a47c.jpg,550,440,not_bc,20,3,111,255
can157.jpeg,300,300,can,139,37,226,132
can157.jpeg,300,300,can,50,2,114,104
bottle15.jpg,300,300,bottle,103,10,198,296
can143.jpeg,300,300,can,3,8,87,149
13ad576d7bba3e36ad624cd04d47cf93.jpg,550,440,not_bc,87,1,193,171
bottle29.jpeg,225,225,bottle,6,1,222,225
a29ad6a6ab90d6334d60c000cdd4de0c.jpg,550,440,not_bc,89,7,178,200
can194.jpeg,300,300,can,11,38,66,248
81db61032ab230b099b949c7931f9f6d.jpg,550,440,not_bc,144,39,378,426
can180.jpeg,300,300,can,1,1,65,299
slideway113.jpeg,259,194,bottle,24,58,241,139
92f6861b78c2c1edca73ea372c7c429e.jpg,550,440,not_bc,49,1,139,184
bottle202.jpeg,300,300,bottle,199,30,291,298
not_bc125.jpeg,300,300,not_bc,72,21,113,152
02d8c3b61765eec1efce8c09218abbe3.jpg,550,440,bottle,436,1,550,99
not_bc131.jpeg,300,300,not_bc,1,18,55,298
sideway64.jpeg,201,251,bottle,10,31,108,251
not_bc119.jpeg,300,300,not_bc,130,31,208,143
bottle5.jpeg,300,300,bottle,31,58,88,275
2bb7a7c60d2d2975696e92a2b7e770a8.jpg,550,440,bottle,383,1,491,242
sideway58.jpeg,201,251,bottle,57,1,155,250
3c83eaa45827517b247899f0cca82ca8.jpg,550,440,not_bc,168,132,448,415
2dccabdf9e4c3a5b2fc214de73718666.jpg,550,440,bottle,456,1,550,165
sideway41.jpeg,233,216,bottle,3,46,216,154
not_bc114.jpeg,300,300,not_bc,48,88,98,224
not_bc100.jpeg,300,300,not_bc,11,27,84,278
bottle8.jpeg,300,300,bottle,181,16,261,292
not_bc128.jpeg,300,300,not_bc,83,191,157,300
3bc2736251de23c527fd8102dec3afdc.jpg,550,487,bottle,246,223,292,333
can199.jpeg,300,300,can,6,184,53,296
1cc5396c2cdd8f4d8bbba526242167fb.jpg,550,440,bottle,149,80,270,388
bottle_val5.jpeg,299,168,bottle,29,6,102,168
can166.jpeg,300,300,can,21,5,144,146
bottle30.jpg,300,300,bottle,123,41,180,267
can172.jpeg,300,300,can,77,118,157,217
bottle24.jpg,300,300,bottle,30,1,104,127
not_bc37.jpeg,300,300,not_bc,121,54,170,300
not_bc37.jpeg,300,300,not_bc,86,62,122,300
bottle145.jpeg,300,300,bottle,271,22,300,195
bottle145.jpeg,300,300,bottle,228,1,270,83
bottle151.jpeg,300,300,bottle,186,61,244,250
not_bc23.jpeg,300,300,not_bc,119,41,215,185
can95.jpeg,300,300,can,205,7,300,226
can95.jpeg,300,300,not_bc,1,44,208,274
bottle179.jpeg,300,300,bottle,28,13,84,237
60ddfc2f21daf6401925db4f947728a4.jpg,550,440,not_bc,6,4,144,194
2c46a499ed7c48b865ceb4610747d4be.jpg,550,440,bottle,458,1,550,129
can42.jpeg,300,300,can,1,1,68,193
can42.jpeg,300,300,not_bc,65,63,275,261
bottle186.jpeg,300,300,bottle,204,12,264,194
bottle192.jpeg,300,300,bottle,93,17,173,300
can56.jpeg,300,300,can,21,18,92,181
bottle193.jpeg,300,300,bottle,41,16,101,194
can57.jpeg,300,300,can,140,220,215,300
can43.jpeg,300,300,can,68,19,170,298
bottle187.jpeg,300,300,bottle,107,3,202,289
bottle178.jpeg,300,300,bottle,121,107,300,289
bottle150.jpeg,300,300,bottle,160,1,222,256
bottle150.jpeg,300,300,not_bc,34,35,77,103
can94.jpeg,300,300,can,117,84,187,223
not_bc22.jpeg,300,300,not_bc,83,58,159,193
not_bc36.jpeg,300,300,not_bc,63,15,148,194
can80.jpeg,300,300,can,100,212,150,279
bottle144.jpeg,300,300,bottle,87,116,117,285
bottle25.jpg,300,300,bottle,108,23,187,300
can173.jpeg,300,300,can,87,39,174,284
ecb7cc68790779fb285abade45dd0aa5.jpg,550,440,not_bc,181,1,546,226
bottle31.jpg,300,300,bottle,105,1,199,295
can167.jpeg,300,300,can,79,34,225,261
bottle_val4.jpeg,310,163,bottle,127,5,168,96
bottle_val4.jpeg,310,163,bottle,93,3,130,94
can198.jpeg,300,300,can,54,7,120,134
1a0e36afcb681781810516e7742b1900.jpg,550,550,not_bc,106,289,529,463
ribena-blackcurrant.jpg,512,512,bottle,191,8,324,504
not_bc129.jpeg,300,300,not_bc,54,4,208,278
bottle9.jpeg,300,300,bottle,150,20,248,300
not_bc101.jpeg,300,300,not_bc,162,7,257,300
sideway54.jpeg,244,207,bottle,126,64,178,187
sideway40.jpeg,246,205,bottle,1,5,123,132
not_bc115.jpeg,300,300,not_bc,2,5,88,173
7d2df685bb27d64a45a2b44bd53b8ba3.jpg,550,440,not_bc,7,8,487,405
62f115c68cd709e74bc6222ecddf478d.jpg,550,440,not_bc,6,1,120,242
261071b06c74a0a13d0471bb2c9043f5.jpg,550,440,not_bc,92,5,234,207
2b906fb072274924ff9d7d7b96d8d370.jpg,550,440,not_bc,146,10,206,204
sideway56.jpeg,265,190,bottle,9,58,245,138
not_bc103.jpeg,300,300,not_bc,39,91,111,300
not_bc117.jpeg,300,300,not_bc,230,58,282,270
sideway42.jpeg,259,194,bottle,142,51,208,159
03c763290014d3de1d275c21b43b7470.jpg,550,440,not_bc,419,95,500,175
88eccc96b933da67fae528c273b18c0b.jpg,550,440,not_bc,101,114,451,337
slideway109.jpeg,225,225,not_bc,18,1,194,203
bottle_val6.jpeg,299,168,not_bc,95,5,185,114
can171.jpeg,300,300,can,149,1,223,110
bottle27.jpg,300,300,bottle,114,12,181,290
can165.jpeg,300,300,can,158,3,279,183
can165.jpeg,300,300,not_bc,2,150,223,300
bottle33.jpeg,300,300,bottle,35,21,108,169
3c74cf8b8c21eb85b06bedd17b8f3be2.jpg,550,440,bottle,426,1,543,138
can159.jpeg,300,300,can,1,106,68,243
can159.jpeg,300,300,not_bc,180,16,275,122
66eef7f694bc6fc8b907e2ad7d4f835e.jpg,550,440,not_bc,8,5,116,252
not_bc20.jpeg,300,300,not_bc,31,2,269,300
can96.jpeg,300,300,can,39,26,132,124
bottle152.jpeg,300,300,bottle,102,146,141,285
bottle146.jpeg,300,300,bottle,101,5,198,296
not_bc34.jpeg,300,300,not_bc,101,23,193,225
99ab0cc5bea3c13a321bf047b090a8d3.jpg,550,440,not_bc,38,223,146,313
0f7b0afa30b281d65d4d11c8ab16d279.jpg,550,440,bottle,1,162,112,439
can55.jpeg,300,300,can,3,94,130,300
bottle191.jpeg,300,300,bottle,160,22,230,205
f21df09848eda13efff163118766f83c.jpg,550,440,not_bc,72,3,159,145
568dcf862fc61e62ac8fad2109d6d01e.jpg,550,440,not_bc,38,34,543,376
182ce25b67b8cba979fa5ab2ca299cf7.jpg,550,440,not_bc,96,118,484,355
can41.jpeg,300,300,can,236,181,300,297
can41.jpeg,300,300,not_bc,19,98,233,226
can69.jpeg,300,300,can,199,70,283,293
sideaway9.jpeg,259,194,can,59,14,194,161
can68.jpeg,300,300,can,65,83,139,241
3fbc94de98155734852d6b4af3753192.jpg,550,440,not_bc,48,1,158,171
bottle184.jpeg,300,300,bottle,208,40,280,257
can4.jpg,300,300,can,85,3,203,299
can40.jpeg,300,300,can,137,184,206,300
can54.jpeg,300,300,can,221,96,262,196
can54.jpeg,300,300,can,252,23,290,139
bottle190.jpeg,300,300,bottle,118,13,184,220
bottle147.jpeg,300,300,bottle,212,74,296,296
bottle147.jpeg,300,300,not_bc,13,6,90,300
not_bc35.jpeg,300,300,not_bc,31,1,141,95
not_bc35.jpeg,300,300,not_bc,49,114,122,294
can97.jpeg,300,300,can,53,8,146,120
0591c7754030b980e26451b80783e0d9.jpg,550,440,not_bc,79,8,530,401
bottle153.jpeg,300,300,bottle,159,1,282,192
can158.jpeg,300,300,can,181,61,300,295
bottle32.jpeg,300,300,bottle,37,53,230,126
bottle32.jpeg,300,300,not_bc,32,121,171,232
can164.jpeg,300,300,can,58,38,127,260
bottle26.jpg,300,300,bottle,108,1,192,296
can170.jpeg,300,300,can,101,30,201,276
bottle_val7.jpeg,269,187,bottle,101,32,147,125
slideway108.jpeg,300,168,bottle,105,1,217,168
bd07b4c0bfcdf93bc46638a0770794df.jpg,550,440,not_bc,440,272,550,438
4e55d38561b58c763134fde120f39a5a.jpg,550,440,not_bc,229,99,550,428
00e083f6538de1704fcac9172b1326af.jpg,550,440,can,469,1,550,116
not_bc116.jpeg,300,300,not_bc,41,70,120,178
sideway43.jpeg,279,181,can,137,3,224,139
sideway57.jpeg,225,225,bottle,121,9,167,128
not_bc102.jpeg,300,300,not_bc,23,56,95,261
edfc101595619eb5d57dbede11738cc4.jpg,550,440,not_bc,122,4,234,198
4ac300d1b875537e6527d4d82ec8d93a.jpg,550,440,not_bc,91,1,192,193
5d768dd6dca98ebf2347ec71e9d4fbf7.jpg,550,440,not_bc,246,62,345,194
POP-FENTIMANS-COLA.jpg,512,512,bottle,94,2,458,510
3cf3a4934931fd5a1fa527a2dbc21b84.jpg,550,440,not_bc,449,3,550,221
0fbd2522286f8e62a07049a2ac5e0742.jpg,550,440,bottle,401,1,478,113
bottle209.jpeg,300,300,bottle,160,34,207,116
sideway53.jpeg,194,259,bottle,47,11,124,258
sideway47.jpeg,263,192,bottle,85,14,171,187
not_bc112.jpeg,300,300,not_bc,179,1,260,187
17db263b15954e83c7488b69b1b3dc3c.jpg,550,440,not_bc,55,47,505,395
3e0ada31188dcf7726709a701eb874b0.jpg,550,440,not_bc,34,1,172,224
1ea62dda1eefbfc1664c86827420f9a1.jpg,550,440,can,193,112,353,376
bottle_val3.jpeg,299,168,bottle,208,24,277,168
ba3c0fa1d8aaa3c14b7dbf82069ab339.jpg,550,440,not_bc,107,22,191,217
2e285108205978d2a8e1a2b4287b7472.jpg,550,440,not_bc,421,1,539,99
can148.jpeg,300,300,can,168,188,237,291
0c24eb2218a8d1886803f4f32fe43274.jpg,550,440,not_bc,73,132,524,407
can174.jpeg,300,300,can,170,107,248,300
can174.jpeg,300,300,not_bc,15,126,111,298
bottle22.jpg,300,300,bottle,101,13,193,291
can160.jpeg,300,300,can,79,10,152,136
bottle36.jpeg,300,300,bottle,257,22,300,182
not_bc19.jpeg,300,300,not_bc,84,72,187,232
bottle157.jpeg,300,300,bottle,120,12,184,240
not_bc25.jpeg,300,300,not_bc,185,56,282,190
can93.jpeg,300,300,can,16,2,119,152
can93.jpeg,300,300,not_bc,190,139,297,252
can87.jpeg,300,300,can,1,16,92,198
not_bc31.jpeg,300,300,not_bc,39,32,107,240
4b8156f0324004931466ad2be1d833d7.jpg,550,440,not_bc,250,1,350,133
bottle143.jpeg,300,300,bottle,87,124,193,196
can78.jpeg,300,300,can,172,21,261,138
can78.jpeg,300,300,not_bc,39,10,164,149
can78.jpeg,300,300,not_bc,99,143,295,300
bottle194.jpeg,300,300,bottle,185,136,217,223
1b777b9ad5f9185f25426067b3712196.jpg,550,440,bottle,360,1,453,88
can50.jpeg,300,300,can,46,174,89,277
can44.jpeg,300,300,bottle,42,76,66,174
can44.jpeg,300,300,can,119,78,142,128
bottle180.jpeg,300,300,bottle,130,7,170,156
can45.jpeg,300,300,can,128,27,283,290
bottle181.jpeg,300,300,bottle,166,45,210,203
can1.jpg,300,300,can,95,25,201,274
bottle195.jpeg,300,300,bottle,40,20,90,162
1a52aa7aac9a791b60e73d8ecad7de9f.jpg,550,440,can,216,1,336,62
can51.jpeg,300,300,can,54,164,77,222
can51.jpeg,300,300,bottle,221,21,249,124
0ed858d290c2c24d7fe77bc08c5a01f5.jpg,550,440,not_bc,305,3,429,83
can79.jpeg,300,300,can,112,15,188,281
not_bc30.jpeg,300,300,not_bc,72,17,142,300
bottle142.jpeg,300,300,can,104,73,186,294
bottle142.jpeg,300,300,bottle,25,2,92,292
bottle156.jpeg,300,300,bottle,199,38,268,300
can92.jpeg,300,300,can,167,193,212,288
not_bc24.jpeg,300,300,not_bc,35,54,272,252
not_bc18.jpeg,300,300,not_bc,2,63,290,260
bottle37.jpeg,300,300,bottle,125,18,204,221
bottle37.jpeg,300,300,not_bc,42,145,137,247
can161.jpeg,300,300,can,170,19,255,123
can161.jpeg,300,300,not_bc,99,145,300,297
can175.jpeg,300,300,can,137,52,224,300
00e44036b99bc9420c80089996e2ba30.jpg,550,440,bottle,416,3,548,215
a5540934bc04f0994be18ff9afa19670.jpg,550,440,not_bc,97,13,196,203
bottle_val2.jpeg,259,194,bottle,196,27,259,189
1b2558f43121997c45d4ebf0d3375e42.jpg,550,440,bottle,221,1,307,86
sideway46.jpeg,259,194,can,41,62,91,145
sideway46.jpeg,259,194,bottle,134,20,179,157
not_bc113.jpeg,300,300,not_bc,77,52,166,281
not_bc107.jpeg,300,300,not_bc,24,23,95,221
sideway52.jpeg,201,251,bottle,61,18,131,218
0547cf9f5057100f93ee7c810628add6.jpg,550,440,not_bc,51,56,489,375
bottle208.jpeg,300,300,bottle,118,40,204,117
ce5fabd163a8fb1dae11152c6d3035ff.jpg,550,440,not_bc,3,8,115,248
3465bda5dd9ef8a07213fcc1afb889ee.jpg,550,440,not_bc,89,53,494,390
1cfe8909187c14c084d7f39763047ebe.jpg,550,440,not_bc,417,1,527,115
8f2b1495d16370eb57bd7d549fbe6acb.jpg,550,440,not_bc,55,53,512,399
0b9e3ca939f21fe2cea93cabee6a979c.jpg,550,440,bottle,391,1,470,101
3e1f1fd9bfc49829e32949c7ca090032.jpg,550,440,not_bc,332,148,474,332
not_bc139.jpeg,300,300,not_bc,68,10,128,131
sideway44.jpeg,265,190,not_bc,3,13,265,110
0cadaa69006cbcdf212256e2b8d1471e.jpg,440,440,bottle,366,1,437,169
sideway50.jpeg,224,224,bottle,33,67,190,185
not_bc105.jpeg,300,300,not_bc,187,14,269,193
0acc4c95bde1d21c8e307b5014d32680.jpg,550,440,bottle,39,1,149,175
66c619d4c8d10a4347b05b86cec405dd.jpg,550,440,not_bc,148,24,415,423
can188.jpeg,300,300,can,44,74,265,264
can163.jpeg,300,300,can,218,4,300,153
bottle35.jpeg,300,300,bottle,36,1,121,115
can177.jpeg,300,300,can,153,52,210,245
bottle21.jpg,300,300,bottle,5,116,159,299
bottle168.jpeg,300,300,bottle,67,45,129,285
bottle140.jpeg,300,300,bottle,84,33,179,300
not_bc32.jpeg,300,300,not_bc,67,7,127,300
not_bc26.jpeg,300,300,not_bc,1,34,110,296
bottle154.jpeg,300,300,bottle,135,43,210,276
bottle183.jpeg,300,300,bottle,50,56,94,268
can47.jpeg,300,300,can,84,194,136,298
can47.jpeg,300,300,not_bc,246,121,286,248
can53.jpeg,300,300,can,75,96,173,236
can53.jpeg,300,300,can,86,23,128,81
can53.jpeg,300,300,not_bc,163,50,286,230
bottle197.jpeg,300,300,bottle,9,1,110,243
can52.jpeg,300,300,can,86,8,210,292
bottle196.jpeg,300,300,bottle,126,10,167,156
bottle182.jpeg,300,300,bottle,209,44,243,205
can2.jpg,300,300,can,52,32,151,258
can46.jpeg,300,300,bottle,203,5,262,299
can46.jpeg,300,300,can,101,10,164,145
tropicana-original-orange-juice-bottle-330ml.jpg,512,512,bottle,177,30,346,486
4dcffcfc688da9f50e5ee68f2b28653f.jpg,550,440,not_bc,27,114,534,422
can91.jpeg,300,300,can,106,55,190,287
not_bc27.jpeg,300,300,not_bc,186,94,259,220
bottle155.jpeg,300,300,bottle,187,1,233,160
bottle141.jpeg,300,300,bottle,150,17,193,179
bottle141.jpeg,300,300,can,188,117,239,223
bottle169.jpeg,300,300,bottle,187,32,232,262
can176.jpeg,300,300,can,55,116,112,242
bottle34.jpeg,300,300,bottle,223,73,266,207
can162.jpeg,300,300,can,208,5,279,247
can189.jpeg,300,300,can,216,81,291,212
can189.jpeg,300,300,can,141,70,170,123
2ffc760df7564f1a8e3e8ce254858bd9.jpg,550,440,bottle,456,1,550,103
not_bc104.jpeg,300,300,not_bc,4,85,107,300
not_bc110.jpeg,300,300,not_bc,115,43,195,161
sideway45.jpeg,265,190,can,24,48,170,130
not_bc138.jpeg,300,300,not_bc,14,7,287,300
0c242b8474495309a0664b74c7b8c250.jpg,550,440,not_bc,7,5,88,151
can200.jpeg,300,300,can,174,22,277,140
952742c1ab3c0bb2ce8f6b51f9b48d34.jpg,550,440,not_bc,116,38,444,404
0cf62e92d65b339fb76db2f1abcdeb1b.jpg,550,440,not_bc,186,67,439,429
1e89c5b36fc3ce01f6c3d030ba5a037a.jpg,550,440,bottle,227,1,338,91
f96472b4be46566e0d90a0e70f2392c6.jpg,550,440,not_bc,101,115,513,331
0a54ff9df3f5a6637a31442e4afc06b1.jpg,550,440,not_bc,5,27,98,131
sldieway76.jpeg,259,194,not_bc,106,54,161,161
can_val9.jpeg,275,183,not_bc,185,46,247,154
sideway22.jpeg,259,194,bottle,16,21,234,92
d0aeac1c5636fe1af063bd41c7e30131.jpg,550,440,not_bc,64,8,508,405
931c9f4291bd8fbeccfdd0cd812808d5.jpg,550,440,not_bc,136,14,410,361
d3173a69d8ef35cc474113a6e8f24613.jpg,550,440,not_bc,167,105,424,350
bottle90.jpeg,300,300,bottle,197,7,275,253
bottle90.jpeg,300,300,not_bc,64,171,155,262
bottle84.jpeg,300,300,bottle,149,16,186,150
can105.jpeg,300,300,can,7,178,135,298
bottle53.jpeg,300,300,bottle,44,2,149,286
can111.jpeg,300,300,can,235,12,300,146
bottle47.jpeg,300,300,bottle,1,110,164,260
can139.jpeg,300,300,can,3,174,57,290
bottle126.jpeg,300,300,bottle,108,29,192,277
not_bc54.jpeg,300,300,not_bc,175,83,275,243
not_bc40.jpeg,300,300,not_bc,97,170,289,300
bottle132.jpeg,300,300,bottle,139,92,196,247
e6a28b9adaa29ed966346781196a0730.jpg,550,414,not_bc,2,49,220,411
not_bc68.jpeg,300,300,not_bc,161,6,257,90
0b0336d5a5785e0eba48d489cb889175.jpg,550,440,bottle,449,1,550,93
silo-5449000189325-front-341135_400Wx400H.jpeg,512,512,bottle,163,8,352,506
slideway89.jpeg,203,248,bottle,126,12,181,170
0ed622b5e2aaa36a5fbd88b13ecfc00a.jpg,550,440,can,430,1,535,53
can21.jpg,300,300,can,91,26,206,276
not_bc97.jpeg,300,300,not_bc,177,111,230,274
4b94549534618854b7d84f9310b6a611.jpg,550,440,bottle,450,3,550,114
not_bc83.jpeg,300,300,not_bc,170,27,264,160
can35.jpeg,300,300,can,88,21,135,139
2ff9614cbb9445259e70a2d6297b9028.jpg,550,440,can,194,98,355,381
0e9a8907dee7237ff2f8ea64976dded2.jpg,550,440,bottle,415,1,511,90
not_bc82.jpeg,300,300,not_bc,169,116,213,231
slideway77.jpeg,259,194,bottle,80,5,167,193
not_bc96.jpeg,300,300,not_bc,109,101,181,286
slideway88.jpeg,225,225,bottle,85,6,157,177
not_bc69.jpeg,300,300,not_bc,105,8,198,100
not_bc41.jpeg,300,300,not_bc,97,81,206,292
bottle133.jpeg,300,300,bottle,67,33,163,299
bottle127.jpeg,300,300,bottle,193,5,246,300
3f867499206b84835ce0ce8215076c33.jpg,550,440,bottle,275,1,394,161
not_bc55.jpeg,300,300,not_bc,126,58,212,246
can138.jpeg,300,300,can,7,14,120,226
bottle46.jpeg,300,300,bottle,106,54,153,252
can110.jpeg,300,300,can,196,26,276,158
can110.jpeg,300,300,can,110,21,194,110
bottle52.jpeg,300,300,bottle,90,48,137,268
can104.jpeg,300,300,can,163,1,226,130
f89d9f48729ce7741dcdb7191b8d0082.jpg,550,440,not_bc,69,64,513,385
3afda59c50077a3c0dc69654cb77add3.jpg,550,440,bottle,453,1,550,95
49c2f35afec6faab44ad461147f591aa.jpg,550,440,not_bc,287,36,405,336
slide107.jpeg,195,259,bottle,116,43,170,179
bottle91.jpeg,300,300,bottle,18,36,70,229
4b5fe978d275a2f4820f8a5677cfe88c.jpg,550,440,not_bc,19,1,163,150
sideway37.jpeg,282,179,bottle,6,51,169,124
can_val8.jpeg,190,266,can,6,2,72,81
can_val8.jpeg,190,266,can,140,128,186,232
d62b358b65a75ed2433c3d3c525f0b97.jpg,550,440,not_bc,96,22,536,432
95d8d49cdbdd36a524a4477ef63dbf42.jpg,550,440,not_bc,84,55,505,390
4e15f29658c1c4a1aee61130b8a1c99b.jpg,550,440,not_bc,49,75,501,400
1cde4126f48f6ebe77b396597fc3a111.jpg,550,440,bottle,330,1,429,196
sideway35.jpeg,259,194,bottle,89,6,129,99
dd5209bc87cf96ce5b39215b6fb5d2e3.jpg,550,440,not_bc,67,74,517,403
not_bc9.jpg,300,300,not_bc,8,20,126,158
0a3d3b8a864b32dc9c2d3e8b76773ac5.jpg,550,440,bottle,479,1,550,169
3d4f88fddaf2308e21821d4a765001f1.jpg,550,440,bottle,425,3,550,127
5fdd6750f6110bc7ea96f2487ba01a17.jpg,550,440,not_bc,67,1,297,195
bottle87.jpeg,300,300,bottle,57,195,79,258
bottle93.jpeg,300,300,bottle,234,194,255,284
1cd1319c9fc705a1dac381d3a20552c6.jpg,550,440,bottle,450,1,550,130
can112.jpeg,300,300,can,231,130,293,283
bottle44.jpeg,300,300,bottle,166,9,227,300
0bc8685dbc33bf7df6d6e8231b1ff024.jpg,550,440,bottle,224,1,317,51
can106.jpeg,300,300,can,52,180,106,283
bottle50.jpeg,300,300,bottle,115,1,190,273
0dcbad620b30ee9bc6fd55b01098d6f5.jpg,550,440,bottle,87,1,167,95
0dcbad620b30ee9bc6fd55b01098d6f5.jpg,550,440,bottle,143,3,258,122
76b15c9e84388db9d188cd0c23ddd048.jpg,550,440,not_bc,182,3,382,431
bottle78.jpeg,300,300,bottle,164,22,237,300
bottle131.jpeg,300,300,bottle,90,1,207,300
not_bc43.jpeg,300,300,not_bc,4,1,112,300
not_bc57.jpeg,300,300,not_bc,137,26,177,117
fb503a816b800feb4ead4bf80afdff45.jpg,550,440,not_bc,454,9,550,216
bottle125.jpeg,300,300,bottle,194,147,253,298
bottle125.jpeg,300,300,can,188,5,255,127
f7b4bdf514e69098549131de9a876e6d.jpg,550,440,not_bc,429,262,550,438
bottle119.jpeg,300,300,bottle,235,54,266,292
slideway75.jpeg,240,160,bottle,16,22,228,147
can36.jpeg,300,300,can,185,1,209,62
not_bc94.jpeg,300,300,not_bc,53,75,254,253
89047d5f113388a25af0c440085e5b94.jpg,550,440,not_bc,10,43,548,375
not_bc95.jpeg,300,300,not_bc,30,73,99,300
can23.jpg,300,300,can,157,52,230,145
slideway74.jpeg,225,224,bottle,121,123,177,224
can37.jpeg,300,300,can,13,1,88,155
bottle118.jpeg,300,300,bottle,23,5,97,295
4c3538456ddb780a973c23812621151a.jpg,550,440,not_bc,1,3,136,270
not_bc56.jpeg,300,300,not_bc,103,18,202,276
bottle124.jpeg,300,300,bottle,1,1,76,172
bottle130.jpeg,300,300,bottle,39,51,90,167
not_bc42.jpeg,300,300,not_bc,17,34,97,203
3d97f6ffc339a7851e7e1bca5934d284.jpg,550,440,bottle,293,228,405,414
eea36eac541a45f0a090ef0835ffa8b7.jpg,550,367,not_bc,268,97,512,287
9471360ea41457fa5d439b2c9d385a02.jpg,550,440,not_bc,94,33,477,413
bottle79.jpeg,300,300,bottle,112,44,188,252
bottle51.jpeg,300,300,bottle,186,105,210,181
can107.jpeg,300,300,can,16,3,116,152
can107.jpeg,300,300,not_bc,191,146,295,258
bottle45.jpeg,300,300,bottle,225,2,268,292
can113.jpeg,300,300,can,131,153,171,270
3cc2a079324e09592ff905c063a912a9.jpg,550,367,not_bc,377,47,444,197
56514cc8b5cab916869303890a2864ea.jpg,550,440,not_bc,301,41,548,390
bottle92.jpeg,300,300,bottle,104,5,199,296
not_bc8.jpg,300,300,not_bc,197,163,250,256
sideway20.jpeg,259,194,bottle,113,52,154,143
sideway34.jpeg,194,259,bottle,32,79,194,258
6307076d60ef69523d33716a20cd9786.jpg,550,440,not_bc,360,42,425,124
0e63472894319c79775b54d19a004232.jpg,550,440,bottle,1,1,102,101
sprites.jpg,512,512,bottle,98,18,412,512
sodabottles-600x493.jpg,512,512,bottle,177,37,306,491
01b92197e6daee9ec1c5712f97c8cd4f.jpg,550,440,not_bc,126,93,220,213
4dd1719e5ab7aebb8682fbf7ddc01f99.jpg,550,440,not_bc,82,89,475,336
ee6eb993d3660d80c7a71b9aa1253034.jpg,550,440,not_bc,24,88,145,262
0a1dc677099c675038ceb5ed7c5da743.jpg,550,440,not_bc,116,1,212,93
sideway18.jpeg,279,181,bottle,7,9,199,80
sideway30.jpeg,225,225,bottle,6,4,225,220
bottle242.jpeg,225,225,bottle,35,51,94,195
sideway24.jpeg,250,202,bottle,57,5,216,183
5f803aea0e3d2139fddb7ba0b71d63a1.jpg,550,440,not_bc,41,62,474,338
b83c22760b9ee15207a038e64a670202.jpg,550,440,not_bc,150,43,412,401
bottle82.jpeg,300,300,bottle,112,2,189,270
bottle96.jpeg,300,300,bottle,16,81,288,245
3f63fa1f8b76a06659b07a6eb9510633.jpg,550,440,bottle,417,5,540,152
bottle69.jpeg,300,300,can,6,54,63,117
can117.jpeg,300,300,can,98,3,148,79
bottle41.jpeg,300,300,bottle,124,10,172,267
can103.jpeg,300,300,can,217,161,272,292
bottle55.jpeg,300,300,bottle,48,3,89,277
1de426309377588fad87c8f06ce77233.jpg,550,440,not_bc,451,43,550,258
bottle108.jpeg,300,300,bottle,106,27,199,270
not_bc46.jpeg,300,300,not_bc,76,23,238,294
bottle134.jpeg,300,300,bottle,68,116,112,280
bottle134.jpeg,300,300,bottle,181,116,236,281
bottle134.jpeg,300,300,can,17,30,70,162
bottle120.jpeg,300,300,bottle,115,37,160,139
not_bc52.jpeg,300,300,not_bc,126,223,186,278
not_bc52.jpeg,300,300,not_bc,30,173,82,254
not_bc85.jpeg,300,300,not_bc,29,79,279,264
can33.jpeg,300,300,can,127,188,150,249
can27.jpg,300,300,can,181,5,246,96
not_bc91.jpeg,300,300,not_bc,58,6,147,255
not_bc90.jpeg,300,300,not_bc,27,49,292,268
not_bc84.jpeg,300,300,not_bc,30,75,181,262
slideway71.jpeg,300,168,can,50,8,196,167
1da0c59c497cd238000df9b825369e9c.jpg,550,440,bottle,460,1,550,116
1a5630f8f0dd3e40cc97e1a14d132ff1.jpg,550,440,bottle,1,1,134,137
bottle121.jpeg,300,300,bottle,57,63,92,273
not_bc53.jpeg,300,300,not_bc,98,85,208,295
not_bc47.jpeg,300,300,not_bc,98,3,209,287
bottle135.jpeg,300,300,bottle,103,5,141,162
bottle109.jpeg,300,300,bottle,125,3,198,250
bottle54.jpeg,300,300,bottle,257,28,288,212
can102.jpeg,300,300,can,119,8,204,114
bottle40.jpeg,300,300,bottle,64,101,105,300
can116.jpeg,300,300,can,104,142,130,205
bottle68.jpeg,300,300,bottle,2,73,50,221
bottle97.jpeg,300,300,bottle,55,66,121,243
bottle83.jpeg,300,300,bottle,79,21,184,85
sideway31.jpeg,259,194,not_bc,82,32,152,163
sideway19.jpeg,259,194,not_bc,37,11,221,165
0f07fe22e465d3141856519745eb9c19.jpg,550,440,can,441,1,550,120
1fa3052471143913bce27cdf4d2cea68.jpg,550,440,bottle,64,1,198,188
8fac120f08ad3c67844ae2dd9be7ec56.jpg,550,440,not_bc,144,15,522,428
sideway27.jpeg,283,178,bottle,19,13,268,164
0a6effad1a008a0d2fd2bb1efbf9aa6c.jpg,800,800,bottle,92,149,605,351
sideway33.jpeg,200,152,bottle,32,1,115,124
bottle241.jpeg,225,225,bottle,79,8,145,217
b9e64415472d899c49429fed4ff31088.jpg,550,440,not_bc,5,3,115,274
9e2fa458c3f4fc8a89c327c189d0174a.jpg,550,440,not_bc,7,4,98,257
cd488536c9a9b760c8fa8d3ef99a3e77.jpg,550,440,not_bc,408,1,513,167
bottle95.jpeg,300,300,bottle,66,24,95,156
bottle81.jpeg,300,300,bottle,220,41,290,264
bottle81.jpeg,300,300,bottle,169,32,230,242
4f4f61c5fba918b1c1a35ea6f4564a79.jpg,550,440,not_bc,445,1,550,146
can128.jpeg,300,300,can,4,67,105,187
can100.jpeg,300,300,can,52,154,82,254
can100.jpeg,300,300,not_bc,84,127,150,201
bottle56.jpeg,300,300,bottle,184,36,278,268
can114.jpeg,300,300,can,84,76,174,253
bottle42.jpeg,300,300,bottle,124,161,177,300
bottle42.jpeg,300,300,bottle,1,158,54,299
690f10a2a16270b56c920ad20863e380.jpg,550,440,not_bc,416,153,524,289
slideway98.jpeg,299,168,bottle,87,3,210,166
not_bc79.jpeg,300,300,not_bc,65,10,240,300
not_bc51.jpeg,300,300,not_bc,186,131,226,300
bottle123.jpeg,300,300,can,110,46,188,212
bottle137.jpeg,300,300,bottle,9,9,72,266
not_bc45.jpeg,300,300,not_bc,101,51,201,267
not_bc92.jpeg,300,300,not_bc,93,130,219,292
slideway67.jpeg,185,273,bottle,1,28,103,152
slideway73.jpeg,254,199,not_bc,48,13,248,142
not_bc86.jpeg,300,300,not_bc,92,12,165,300
can30.jpeg,300,300,can,88,9,164,102
can30.jpeg,300,300,not_bc,98,132,260,243
slideway72.jpeg,168,299,bottle,2,111,131,269
can31.jpeg,300,300,can,92,30,161,141
can31.jpeg,300,300,not_bc,29,105,166,208
not_bc87.jpeg,300,300,not_bc,32,114,101,258
not_bc93.jpeg,300,300,not_bc,14,25,145,254
can25.jpg,300,300,can,13,74,75,221
slideway66.jpeg,259,194,bottle,20,1,238,194
bottle136.jpeg,300,300,bottle,71,85,123,292
not_bc44.jpeg,300,300,not_bc,1,41,69,166
not_bc50.jpeg,300,300,not_bc,190,2,269,128
bottle122.jpeg,300,300,bottle,124,141,208,232
2e9c67db9a78005c7623adaa2053b140.jpg,550,440,not_bc,1,3,73,243
not_bc78.jpeg,300,300,not_bc,104,50,192,294
slideway99.jpeg,314,160,bottle,65,53,122,149
bottle43.jpeg,300,300,bottle,30,72,83,214
bottle43.jpeg,300,300,not_bc,83,241,216,298
can115.jpeg,300,300,can,3,18,148,268
95534f958045b2d7c0db80d1307e6882.jpg,550,440,not_bc,91,72,496,384
bottle57.jpeg,300,300,bottle,181,54,225,163
can101.jpeg,300,300,can,88,58,147,163
can101.jpeg,300,300,can,22,63,78,163
can101.jpeg,300,300,can,156,176,216,281
can129.jpeg,300,300,can,205,6,297,141
2beec5ddcc68d1924b4c65018c083e5f.jpg,550,440,bottle,320,1,435,194
bottle80.jpeg,300,300,bottle,121,61,183,245
87456d8c7328dccd5c62337eef07f165.jpg,550,440,not_bc,36,75,507,343
bottle94.jpeg,300,300,bottle,96,1,209,299
d819d9917a43bf7e53b36e261bb90f2d.jpg,550,440,not_bc,230,1,354,114
70db4a51bf3a9884d84ab3c11b637b69.jpg,550,440,not_bc,91,5,215,152
bottle240.jpeg,259,194,bottle,88,25,131,170
sideway32.jpeg,194,259,can,54,128,157,185
dc0b228e000ec0ae6422722fa90c86c4.jpg,550,440,not_bc,70,1,132,128
1fdf0ccaf9c62265f9a41943e836fd9a.jpg,550,440,not_bc,41,1,156,176
3d2d3b8a75512a36fac204ff01de5dac.jpg,550,440,not_bc,272,19,421,190
